name,tags,to_remove
@ i Mango,"mango, dessert, drinks, fruit, taiwanese",
@i MANGO COTTON ICE FRESH MILK TEA OMELETTE RICE,"mango, dessert, milk tea, omelette, rice, taiwanese",
% Arabica,"coffee, cafe, japanese",
1-ATICO BY 1-ALTITUDE,"bar, rooftop, drinks, western, fine dining",
108 Matcha Saro,"matcha, japanese, dessert, cafe, green tea",
17 砂锅小厨 - Woodlands,"claypot, chinese, rice, zi char",
1855 The Bottle Shop,"wine, alcohol, bar, drinks",Yes
1A HERITAGE,"cafe, western",
2GATHER,"cafe, western",
3 Meals a Day,"korean, rice, meal, korean bbq",
365 Juices,"juice, drinks, fruit, healthy",
365 JUICES BAR,"juice, drinks, fruit, healthy",
4 Fingers,"fried chicken, korean, fast food, chicken, crispy",
5 Little Bears,"dessert, cafe, cake, bakery",
5 Senses Bistro,"western, bistro, cafe",
50 Years Taste Of Tradition,"hawker, local, traditional",
57 Mala Xiang Guo,"mala, chinese, spicy, xiang guo, sichuan",
7 Eleven,"convenience store, snacks, drinks",Yes
7 Stars,"chinese, zi char",
7-ELEVEN,"convenience store, snacks, drinks",Yes
8 BY BOTTLES & BOTTLES,"wine, alcohol, bar",Yes
85 Redhill,"hawker, local",
888 Rojak,"rojak, local, hawker, fruit",
A Gan Guo Kui,"chinese, pancake, street food, guo kui",
A HOT HIDEOUT,"hotpot, chinese, steamboat",
A Kitchen,"western, cafe",
A Kitchen (Punggol),"western, cafe",
A One Signature,"dim sum, chinese, cantonese",
A-One Signature,"dim sum, chinese, cantonese",
A-One Signature (Waterway Point),"dim sum, chinese, cantonese",
Abang Recipes,"malay, nasi lemak, halal",
Aburi-EN,"japanese, don, rice bowl, aburi",
Acheymama,"pasta, western, italian",
Ah Fat Braised Duck Rice • Kway Chap 啊肥卤鸭饭 • 粿汁,"duck rice, braised duck, kway chap, teochew, local",
Ah Gong Homemade Ban Mian,"ban mian, noodles, chinese, handmade",
Ah Keat Pig's Organ Soup/Kway Chap,"pig organ soup, kway chap, teochew, local",
Ah Ma Chi Mian,"noodles, chinese, ban mian",
AH TAN WINGS - Anchorvale Village,"chicken wings, fried chicken, local",
AJ's Teh Tarik,"teh tarik, drinks, malay, indian",
Ajumma's,"korean, korean bbq, kimchi",
Ajumma's (Waterway Point),"korean, korean bbq, kimchi",
Al Falah,"halal, indian, muslim",
Al Hadheerah Restaurant (HDB Hub),"halal, middle eastern, arab",
Al Marche,"halal, western",
Al-Aqsa Bistro,"halal, middle eastern, arab",
ALICE BOULANGERIE AND RESTAURANT,"bakery, french, bread, pastry, cafe",
Alley.Wei,"teppanyaki, japanese, grill",
ALLEY.WEI TEPPAN-YAKI,"teppanyaki, japanese, grill",
ALLGOOD GOURMET,"western, gourmet",
Ambush,"bar, drinks, western",
Ameising Live House,"bar, live music, drinks",
Amigo's,"mexican, western, tacos",
amps tea,"bubble tea, drinks, tea",
amps tea+ | Lickers,"bubble tea, drinks, tea, ice cream",
An Acai Affair,"acai, healthy, smoothie bowl, fruit",
An Açaí Affair,"acai, healthy, smoothie bowl, fruit",
Anchorvale 303 Foodcourt LLP,"food court, hawker",
Antalya Taste of Turkey,"turkish, kebab, halal, middle eastern",
Anytime Fitness,"gym, fitness",Yes
Aoki,"japanese, sushi",
Apps,cafe,
Arabica Kebab,"kebab, turkish, halal, middle eastern",
ARABISK,"middle eastern, arab, halal",
Araya Shouten,"japanese, izakaya",
Arteastiq,"cafe, tea, dessert, high tea",
Arteastiq DePatio,"cafe, tea, dessert, high tea",
Ashes X Sengkang,"bar, drinks",
Asia Ghani Jamu Selera Chicken Rice,"chicken rice, halal, malay",
Asia Grand Restaurant,"chinese, cantonese, dim sum",
Attap House,"local, peranakan, nyonya",
Auntie Anne's,"pretzel, snacks, bakery, american",
Aussie Roll,"sushi, japanese, rolls",
Avocadoria,"avocado, healthy, cafe, brunch",
Baba Nyonya,"peranakan, nyonya, local",
Bai Wei Mini Bowl,"rice bowl, chinese",
Bake Inc,"bakery, bread, pastry",
Banana Story,"banana, dessert, snacks",
Bank Of China,bank,Yes
BAO BAO,"bao, chinese, steamed buns",
Bao Bao Japanese Cuisine,"japanese, sushi, sashimi",
Bao Makers,"bao, steamed buns, taiwanese",
Bar Soccer,"bar, sports bar, drinks",
Bara Food Tanjong Pagar,"japanese, bara, grilled",
Barrio Fiesta,"filipino, asian",
Baskin Robbins,"ice cream, dessert",
Bata,"shoes, retail",Yes
BATTERCATCH,"fish and chips, western, seafood",
BB Recreational Club Café,"cafe, western",
BBQ Box Prime,"bbq, korean, grill",
BBQ Express,"bbq, grill, meat",
Beard Papa's,"cream puff, japanese, dessert, pastry",
Beauty in the Pot,"hotpot, chinese, steamboat, collagen",
Beauty Language,"beauty, retail",Yes
Beauty Malatang 烫一烫,"malatang, chinese, spicy, soup",
Beauty Nutritious Soup,"soup, chinese, herbal",
Beauty Nutritious Soup 靚湯 (Greenridge),"soup, chinese, herbal",
Bebek Goreng Pak Ndut,"indonesian, duck, fried duck, halal",
Bee Cheng Hiang,"bak kwa, bbq pork, snacks, local",
Ben's Cookies,"cookies, dessert, bakery",
Benihana Singapore,"japanese, teppanyaki, steak",
Beryl's,"chocolate, dessert, snacks",Yes
Best Employee Fried chicken,"fried chicken, korean, chicken",
Betsubara,"japanese, ramen, noodles",
BEUTEA,"bubble tea, drinks, tea",
BHC Chicken,"korean fried chicken, chicken, korean",
BHC Chicken Singapore @ Marina Square,"korean fried chicken, chicken, korean",
Biang Biang Noodle,"chinese, noodles, xian, hand pulled",
Big Appetite,"western, burgers",
BingXue Tea & Ice-cream,"bubble tea, ice cream, drinks",
BINGZ,"chinese, bing, pancake",
Bingz 西少爷,"chinese, roujiamo, bing, xian",
Bistro Box by Uncle Penyet,"indonesian, ayam penyet, halal",
Bistro Du Vin,"french, wine, bistro, western",
Black Mirror,"bar, cafe",
Blanco Court Beef Noodle,"beef noodles, local, hainanese",
Bliss Nest Capsules,"dessert, bird nest",Yes
Blk 75 Lorong 5 Toa Payoh Food Centre,"food court, hawker",
Blu Jaz,"bar, live music, cafe",
BLUE FERN GRILL & SAKE,"japanese, sake, grill, izakaya",
Blue Ocean Kopi & Toast,"kopi, toast, breakfast, local",
Bober Tea,"bubble tea, drinks, tea",
Boleh Boleh,"malay, local, halal",
Bon Broth,"soup, broth, healthy",
Bonding Kitchen,"hotpot, korean, steamboat",
Boon Heng Atas Roasted Delights,"roast meat, char siu, siu yuk, chinese",
Boon Tong Kee Happynest,"chicken rice, local, chinese",
BOOST,"juice, smoothie, drinks, healthy",
Boost Express,"juice, smoothie, drinks, healthy",
Boost Juice,"juice, smoothie, drinks, healthy",
Boost Juice Bar,"juice, smoothie, drinks, healthy",
Boost Juice Bars,"juice, smoothie, drinks, healthy",
Bottles & Bottles,"wine, alcohol, bar",Yes
Bowl & Bowl,"rice bowl, healthy",
Breakfast Hola 早餐好了 (Anchorvale Village),"breakfast, brunch, western",
Brewerkz,"craft beer, bar, western, burgers",
Brewerkz Orchard Rendezvous Hotel,"craft beer, bar, western, burgers",
Briyani Grill,"biryani, indian, halal, rice",
BROTHERBIRD BAKEHOUSE,"bakery, croissant, bread, pastry",
Brotzeit,"german, beer, sausage, western",
Buddy Bistro & Bar,"western, bistro, bar",
Bugis Xin Yuan Ji,"wanton noodles, local, noodles",
Buta Kizoku,"japanese, tonkatsu, pork",
Butahage,"japanese, pork, don",
Butter & Cream,"bakery, cake, dessert",
BYD by 1826,"bar, drinks",
Café Iguana Orchard Rendezvous Hotel,"mexican, bar, western",
Café&Meal MUJI (Punggol Coast Mall),"japanese, cafe, healthy, muji",
Caffè Affogato,"coffee, dessert, cafe, italian",
Cai Ca,"vietnamese, cafe",
cai-ca,"vietnamese, cafe",
Cajun On Wheels,"cajun, seafood, western, american",
Candy Empire,"candy, sweets, snacks",Yes
Cantine,"french, cafe, western",
Capital,"chinese, cantonese",
Casa Vostra,"italian, pasta, pizza, western",
Cat & the Fiddle,"cheesecake, dessert, cake",
Categories,,Yes
CÉ LA VI Club Lounge & Rooftop Bar,"bar, rooftop, drinks, club",
CÉ LA VI Restaurant,"fine dining, modern asian, rooftop",
Cellar Deluxe,"wine, alcohol",Yes
Cellarbration,"wine, alcohol, beer",Yes
Cha Mulan,"bubble tea, drinks, tea, chinese",
Cha Yu Fan Hou,"bubble tea, drinks, tea",
CHADA by Tin Box,"thai, local",
CHAFFIC,"bubble tea, drinks, tea",
Chang Cheng - 168 Punggol Field,"mixed rice, economy rice, chinese",
Chang Cheng Mixed Rice,"mixed rice, economy rice, chinese",
Chang Cheng Mixed Vegetables Rice,"mixed rice, economy rice, chinese, vegetarian",
ChaPanda 茶百道,"bubble tea, drinks, tea, chinese",
Chapters by Drinks & Co.,"bar, wine, drinks",
Charcoal Grill Legend The,"bbq, grill, meat",
Cheeky Don,"donburi, japanese, rice bowl",
Cheeky Signature,"western, burgers",
Chef Foong Restaurant,"chinese, zi char",
Chef Meng's Poached Rice - Punggol Drive,"chicken rice, poached rice, local",
Chef Recipe,"western, cafe",
Chef X @ Clarke Quay Central,"western, fusion",
Chen Cai Eating House,"zi char, chinese, local",
Chen's,"chinese, noodles",
Chi You Lai,"chinese, herbal",
Chi-Bing,"dessert, bingsu, korean",
Chia Puddies,"chia, healthy, dessert",
Chic-a-boo,"fried chicken, chicken, korean",
Chic-a-boo Chicken Specialty,"fried chicken, chicken, korean",
CHICK-FIL-A,"fried chicken, fast food, american, chicken",
Chicken Ka Kee,"chicken, local",
Chicken Rice,"chicken rice, local, hainanese",
Chicken Rice 166,"chicken rice, local, hainanese",
Chicky Fun (Heartbeat Bedok),"fried chicken, chicken",
Chill by Vox,"bar, drinks",
Chin Lee Tea & Dine 深利喫茶添味,"cafe, tea, local, nostalgic",
Chocolate Origin,"chocolate, cake, dessert",
CHOCOLATE ORIGIN WITH CACAOCAT,"chocolate, cake, dessert",
Choon Hoy Parlor,"local, kopitiam, traditional",
Chopstix & Rice,"chinese, rice, fast food",
Chou Niang,"chinese, fermented rice, dessert",
Chou Niang Jiu Niang,"chinese, fermented rice, dessert",
Chumpo Indonesian Padang,"indonesian, padang, halal, nasi padang",
Chun Yu Handmade Noodle,"noodles, chinese, handmade",
Chupitos,"bar, shots, drinks",
CLOVE,"western, fine dining",
Club Street Laundry Modern Australian Eatery,"australian, western, brunch",
Cô Chung,"vietnamese, pho, banh mi",
Cookboys,"western, pasta",
Crave,"nasi lemak, local, halal",
Cravy For Crispy Chicken,"fried chicken, chicken",
Creamie Sippies (Opening Soon),"ice cream, dessert, drinks",
Crolo,"croissant, bakery, pastry",
Crolo By Swee Heng,"croissant, bakery, pastry",
Crown Prince Restaurant,"chinese, cantonese, dim sum",
D'Bakmie & D'Cendol,"indonesian, bakmi, cendol, halal",
D'Life,"vegetarian, healthy",
D'LIFE SIGNATURE,"vegetarian, healthy",
D'Penyetz,"indonesian, ayam penyet, halal",
D'Penyetz (The Seletar Mall),"indonesian, ayam penyet, halal",
Da Paolo Gastronomia,"italian, deli, pasta, western",
DABBA STREET,"indian, street food",
Daily Chicken,"chicken rice, fried chicken",
Dapur Penyet,"indonesian, ayam penyet, halal",
Daun Pandan Rice Dumpling,"rice dumpling, zongzi, local",
DaXi 大喜,"taiwanese, bubble tea",
DaYan Claypot Rice & Herbal Soup(168),"claypot rice, herbal soup, chinese",
Deli Bowl,"rice bowl, healthy",
Deli's Kitchen - Japan Grill Delicacy,"japanese, grill, don",
Delibowl Rice Kitchen (The Seletar Mall),"rice bowl, local",
Délifrance,"french, bakery, cafe, sandwich",
DeliSnacks,"snacks, local",
DeliTurk by Chef Celal,"turkish, kebab, halal, middle eastern",
Deliz Street,street food,
Devil Chicken,"fried chicken, chicken",
Dian Xiao Er,"chinese, herbal, traditional, duck",
Dian Xiao Er (Marina Square),"chinese, herbal, traditional, duck",
Dian Xiao Er (The Seletar Mall),"chinese, herbal, traditional, duck",
Do Qoo 豆趣,"soy, tofu, healthy, chinese",
DOMO Modern Japanese,"japanese, modern, sushi",
Dönergy Turkish Kebab,"turkish, kebab, halal, doner",
Doran Chicken,"korean fried chicken, chicken, korean",
Dou Hua Ah Mei 豆花阿妹,"tau huay, soy, dessert, local",
Dough Culture,"donut, bakery, dessert",
Dough Culture (Oasis Terraces),"donut, bakery, dessert",
Dough Magic,"you tiao, dough fritters, local, breakfast",
Downstairs,"cafe, bar",
DRAMA MAMA,"korean, fusion",
Each-a-Cup,"bubble tea, drinks, tea",
Eastern Rice Dumpling,"rice dumpling, zongzi, local",
Eat 3 Bowls,"rice bowl, taiwanese, local",
EAT BAR Toa Payoh,"hawker, food court",
Eat Rich,"chinese, local",
EAT.,"western, cafe",
EATALLEY,"food court, hawker",
eCapitaVoucher,"voucher, retail",Yes
Economic Bee Hoon,"bee hoon, noodles, local, breakfast",
Eighteen Chefs,"western, pasta, fusion",
Eighteen Chefs (The Seletar Mall),"western, pasta, fusion",
Eighteen Plum,"chinese, plum",
Elemen,"vegetarian, chinese, healthy",
elemen 元素™,"vegetarian, chinese, healthy",
Embassy 1967,"bar, drinks, nostalgic",
Eminami,"japanese, ramen",
"Eng Kee Chicken Wings, Anchorvale Village","chicken wings, fried chicken, local",
"Eng Kee Chicken Wings, Punggol","chicken wings, fried chicken, local",
Epok Epok Mummy,"curry puff, epok epok, malay, snacks",
EQUATE,"coffee, cafe",
Essen @ The Anchorvale,"western, cafe",
estiatorio Milos,"greek, seafood, fine dining, mediterranean",
Famous Amos,"cookies, dessert, bakery",
Fat Fat Food,"local, hawker",
Fei Siong,"local, food court",
Feng Food,"chinese, local",
Fieldnotes,"cafe, coffee",
Fiery Chicks (330 Anchorvale),"fried chicken, chicken, spicy",
Filipino Cuisine Limbang,"filipino, asian",
"Fire Flies (formerly known as ""Thunder Tree"")","bar, drinks",
Firefry,"fried chicken, chicken",
First Bowl Rice Kitchen,"rice bowl, local",
Fitra Chicken Rice,"chicken rice, halal",
Flavours by Saute,"western, fusion",
FM Food Master,"hawker, local",
Folks Collective & Slurp Noodle Bar,"noodles, local, hawker",
Follow us on WeChat,,Yes
FONG SHENG HAO,"taiwanese, toast, breakfast",
FOOD ARENA by Yew Kee Group,"food court, hawker",
Food Dynasty,"food court, hawker",
Food Leaf,"healthy, salad",
Food Park #182A,"food court, hawker",
Food Summons Yong Tau Foo,"yong tau foo, local, healthy",
FoodCity,"food court, hawker",
FoodCity @ 653A Punggol,"food court, hawker",
Foodies Garden,"food court, hawker",
Fork & Spoon @ Toa Payoh,"western, cafe",
Fragrance,"bak kwa, snacks, local",
Fragrance Bak Kwa,"bak kwa, bbq pork, snacks, local",
Fragrance Foodstuff,"bak kwa, snacks, local",
Fragrance Foodstuff Pte Ltd - Fajar Road,"bak kwa, snacks, local",
FRENCH FOLD,"crepe, french, dessert",
Fried Chicken Master,"fried chicken, chicken, taiwanese",
Fried Rice Story,"fried rice, chinese, local",
Friends by PONTIAN,"wanton noodles, noodles, local",
Fruce,"juice, smoothie, healthy, fruit",
Fruit Box,"fruit, juice, healthy",
FruitBox,"fruit, juice, healthy",
FU LIN,"yong tau foo, local",
Fu Lin Fried Yong Tofu,"yong tau foo, local, fried",
Fu Lin Restaurant & Bar,"chinese, zi char, bar",
Fun To Go,"bubble tea, drinks",
Gabbar Bistro Bar,"indian, bar, bistro",
Gado & Grill,"indonesian, gado gado, grill, halal",
Garrett Popcorn Shops,"popcorn, snacks, american",
Geláre,"ice cream, waffles, dessert, cafe",
Gelatissimo,"gelato, ice cream, dessert",
georges by the Bay,"western, fine dining",
Geylang Abalone Chilli Noodles,"noodles, abalone, local",
GINZA ANZU,"japanese, fine dining",
Giraffa,"italian, pasta, pizza",
GM Food Centre,"food court, hawker",
Go Ba! 果霸茶,"fruit tea, bubble tea, drinks",
GO UNIQUE - 有间面馆 GO NOODLE HOUSE,"noodles, chinese, boat noodles",
Go-Ang Pratunam Chicken Rice,"thai chicken rice, thai, chicken rice",
Gochi-So Shokudo,"japanese, don, rice bowl",
GODIVA,"chocolate, dessert, belgian",Yes
GODMAMA,"peranakan, nyonya, local",
Gold Class @ Golden Village,"cinema, snacks",Yes
Golden Banana,"banana, dessert",
Golden Seed,"bakery, bread",
Gong Yuan Ma La Tang,"malatang, chinese, spicy, soup",
Gong Yuan Ma La Tang (The Seletar Mall),"malatang, chinese, spicy, soup",
Gong Yuan Mala Tang,"malatang, chinese, spicy, soup",
GOOD CHEER 2,"local, hawker",
Gotcha Matcha,"matcha, japanese, dessert, drinks",
"Grand Cru, Wine Concierge","wine, alcohol",
Grand Konak Turkish and Lebanese Cuisine,"turkish, lebanese, halal, middle eastern",
Green Chili,"indian, halal",
Green Delights,"healthy, vegetarian",
GRUB,"western, burgers, brunch",
Gu Yue Lao Huo Tang 古月老火汤 (Toa Payoh HDB Hub),"soup, chinese, herbal, cantonese",
Guan Chee HK Roast,"roast meat, char siu, hk roast, chinese",
Guo Qin Noodle - One Punggol,"noodles, chinese",
Gurney Drive,"penang, malaysian, hawker",
Gwangjang GAON,"korean, traditional",
Gyogyo,"japanese, sushi",
Gyu-Kaku Japanese BBQ Restaurant,"japanese bbq, yakiniku, beef, japanese",
Gyushi,"beef, don, japanese",
Ha Jun,"korean, korean bbq",
Habib's Express,"middle eastern, halal, kebab",
Hai Kah Lang,"seafood, local, zi char",
Hainan Beef Noodle & Claypot Rice,"beef noodles, claypot rice, hainanese",
Hainan Second Street,"hainanese, local, kopitiam",
HAN KKI,"korean, korean fried chicken",
Han's,"local, western, cafe, kopitiam",
Han's Union,"local, western, cafe, kopitiam",
Hankang Pocha,"korean, fried chicken, bar, korean bbq",
hao hao chi bao cai ji 好好吃 包菜鸡,"cabbage chicken, chinese, local",
Hao Jia Mee Hoon Kuay,"mee hoon kueh, noodles, local",
Hao Lai Ke,"chinese, local",
Hao Wei Lai,"chinese, local",
Hao Wei Mixed Veg Rice,"mixed rice, economy rice, chinese",
Happiness Sunbo Chicken Rice,"chicken rice, local",
Happy Cup,"bubble tea, drinks",
HarriAnns Nonya Table,"peranakan, nyonya, local, kueh",
Harry's,"bar, western, drinks",
HATSUMI,"japanese, sushi, omakase",
Heavenly Wang,"local, kopitiam, toast, kopi",
Helen's,"western, cafe",
HELEN'S ORCHARD CENTRAL,"western, cafe",
Here Kitty Kitty,"bar, speakeasy",
Heritage Tanglin Puff Since 1952 @ Poiz,"curry puff, pastry, local, snacks",
HEYBO Republic Plaza,"rice bowl, healthy",
Hi NOODLE,"noodles, chinese",
Hiang Ji Roasted Meat & Noodle House,"roast meat, noodles, wanton noodles, local",
Highlander Bar,"bar, scottish, whisky",
Ho Kee Pau,"pau, buns, dim sum, local",
Hockhua Herbal Tea,"herbal tea, chinese, healthy",
Hoe Nam Signatures,"prawn noodles, local, hokkien",
Hoe Nam Vintage,"prawn noodles, local, hokkien",
HoeNamVintage,"prawn noodles, local, hokkien",
HOLLIN,"bubble tea, drinks, tea, taiwanese",
HONEYWORLD®,"honey, health food",Yes
Hong Kong Egglet,"egglet, hong kong, snacks, waffles",
Hong Kong Egglet & Nam Kee JB Handmade Pau,"egglet, pau, hong kong, snacks",
Hong Kong Style Chee Cheong Fun,"chee cheong fun, hong kong, dim sum, local",
Hong Liang Yong Tau Foo,"yong tau foo, local",
Hong Yu Kitchen,"chinese, zi char",
Hooters Singapore,"american, bar, wings, western",
Hot Tomato,"pizza, pasta, italian, western",
Hua Li Fried Carrot Cake,"carrot cake, local, hawker, fried",
Huaikhwang Chicken Broth Noodle,"thai, noodles, chicken",
HUGABO,"korean, fusion",
HUMBLE SEEDS,"healthy, salad, vegetarian",
Hummus House by Pita & Olives,"middle eastern, hummus, pita, halal",
HUO LU HUO 火炉火,"chinese, grill, bbq",
Hyang-To-Gol,"korean, korean bbq, traditional",
I Love Taimei,"taiwanese, bubble tea, street food",
I Love Taimei Story,"taiwanese, bubble tea, street food",
Ice Talk Signature Tea,"bubble tea, drinks, tea",
Ice Talk Xpress,"bubble tea, drinks, tea",
Ichigo by Tea Cottage,"japanese, strawberry, dessert",
Idly Kadai,"indian, south indian, idli, dosa",
IJOOZ,"juice, orange juice, vending",
IKEA Swedish Restaurant and Bistro,"swedish, meatballs, western, cafe",
IL Clay Supper Club,"fusion, supper",
In Colonial Restaurant,"local, colonial, nostalgic",
Inasal Restaurant,"filipino, grilled chicken",
iNCREDi BOWL,"rice bowl, healthy",
Indo Express,"indonesian, halal",
Indo Rasa,"indonesian, halal",
INDOSOUP PADANG,"indonesian, padang, halal, soup",
InstaChef at SIT Punggol - Campus Court E5,"cafe, campus",
ION⁺ Rewards,"rewards, retail",Yes
Ipoh Town 怡保城茶室,"ipoh, malaysian, white coffee, kopitiam",
Ipot,"hotpot, steamboat",
IPPON Fusion Bowl,"japanese, fusion, rice bowl",
IRVINS,"salted egg, snacks, chips",
ISHIRO FUSHION BOWL,"japanese, fusion, rice bowl",
Ishiro Fusion Bowl,"japanese, fusion, rice bowl",
Island Noodle,"noodles, local",
Ivins Peranakan Restaurant,"peranakan, nyonya, local",
J99 Eating House,"zi char, local, hawker",
Jack's Place,"western, steak, grill",
JAPAN HOME,"retail, household",Yes
Japanese Food,"japanese",
Jappy Express by Food Project,"japanese, fast food",
JB Dai Tao Lala Pot 新山大头啦啦,"lala, seafood, hotpot, johor",
Ji De Chi,"local, hawker",
Ji De Lai Kitchen,"local, hawker",
Jia Jia Le Cuisine,"chinese, local",
Jia Xin Yong Tau Fu,"yong tau foo, local",
JIAK,"local, hawker",
Jian Bo Tiong Bahru Shui Kueh,"shui kueh, local, hawker, traditional",
Jian Cha,"tea, chinese",
JIANG HU MAO CAI,"maocai, sichuan, chinese, spicy",
Jie Huan Xi 皆欢喜,"chinese, local",
Jimmy Monkey,"cafe, coffee",
Jin Deng Pig's Organ Soup • Braised Pig's Trotter,"pig organ soup, pig trotter, local, teochew",
JJ Food Express,"local, fast food",
Johnson Eatery,"western, cafe",
Josh's Grill,"western, grill, steak",
JOY LUCK TEAHOUSE,"dim sum, chinese, teahouse",
JUEWEI BRAISED SNACKS,"braised snacks, chinese, juewei",
JUEWEI 绝味 @ Oasis Terraces,"braised snacks, chinese, juewei",
Juice Farm,"juice, fruit, healthy",
Juice Farm (The Seletar Mall),"juice, fruit, healthy",
Jules Epicurean French Cuisine,"french, fine dining, western",
Just Acia,"acai, healthy, smoothie bowl",
JYU LAE,"japanese, izakaya",
Jyu Yae Live Music Bar & Restaurant,"bar, live music, japanese",
Kabayan Filipino Restaurant Pte Ltd,"filipino, asian",
Kaffe & Toast,"cafe, coffee, toast, breakfast",
KAIJOU,"japanese, seafood",
KAJIKEN,"japanese, mazesoba, noodles",
Kakhi Nang,"vietnamese, banh mi",
Kam's Roast,"roast meat, hk roast, cantonese, goose",
KANE MOCHI,"japanese, mochi, dessert",
KANEMOCHI,"japanese, mochi, dessert",
Kang Xiao Lu,"chinese, lamb, skewers, bbq",
Kantin,"local, hawker",
Kawan Bowl,"rice bowl, halal",
Kawan Bowl (Anchorvale Village),"rice bowl, halal",
Kazo,"japanese, casual",
Kebab #1 - Kinex Mall,"kebab, turkish, halal, middle eastern",
Kebabs Faktory,"kebab, turkish, halal, middle eastern",
Kebabs Faktory (Tanglin),"kebab, turkish, halal, middle eastern",
KEDAIKUEKUE,"indonesian, kueh, snacks",
KEI KAISENDON,"japanese, kaisendon, don, seafood",
Kei Kaisendon Tanglin Mall,"japanese, kaisendon, don, seafood",
KEITAKU,"japanese, ramen",
Kenny Rogers ROASTERS,"roast chicken, american, western",
Kenny Rogers Roasters - Marina Square,"roast chicken, american, western",
Kereta Lembu,"malay, halal, local",
Khaki Yong Tau Foo,"yong tau foo, local",
Khao,"thai, rice",
Kimly Mixed Rice 金味飯莊 (888 Plaza),"mixed rice, economy rice, chinese",
Kin No Mame,"japanese, dessert",
KIND KONES,"ice cream, vegan, healthy, dessert",
KING OF BRAISE 绝味,"braised snacks, chinese, juewei",
King of Fried Rice - Canberra Plaza,"fried rice, chinese, wok",
koggii,"korean, chicken",
Kok Sen Restaurant,"zi char, chinese, local",
Koo Kee,"yong tau foo, local",
KooKee,"yong tau foo, local",
Koong Woh Tong 恭和堂,"herbal tea, chinese, dessert",
Kopi & Spells,"kopi, cafe, local",
Kopi & Tarts,"kopi, tarts, cafe, local",
Kopi & Tarts x The Jelly Hearts,"kopi, tarts, jelly, cafe",
Kopi Kiosk,"kopi, coffee, local",
Kopifellas,"kopi, coffee, local, traditional",
KopiTime,"kopi, coffee, local",
KOU TEPPAN,"teppanyaki, japanese, grill",
Kuan Zhai Alley 宽窄巷子,"sichuan, chinese, street food",
Kuan Zhai 宽窄碗碗香,"sichuan, chinese",
KUMACHAN ONSEN,"japanese, onsen egg, ramen",
KURIYA DINING,"japanese, fine dining",
Kway Chap,"kway chap, teochew, local",
Kwek Seng Huat Eating House (Anchorvale),"zi char, local, hawker",
La Taperia Wine & Tapas,"spanish, tapas, wine, western",
Laaziiz,"middle eastern, halal",
Labula,"bar, drinks",
Lad & Co,"cafe, western",
Läderach Chocolatier Suisse,"chocolate, swiss, dessert",
Lafiandra Ristorante,"italian, pasta, pizza, western",
Lai Lai Taiwan Casual Dining,"taiwanese, local",
Lanwang Chicken,"chicken, local",
Lao Huo Tang,"soup, herbal, chinese, cantonese",
Lao Huo Tang @ Marina Square,"soup, herbal, chinese, cantonese",
Lao Huo Tang Restaurant,"soup, herbal, chinese, cantonese",
Lao Huo Tang Signature,"soup, herbal, chinese, cantonese",
Lao Huo Tang 老火汤 - Rivervale Plaza SengKang,"soup, herbal, chinese, cantonese",
Lao Jiang Superior Soup,"soup, herbal, chinese",
Lao Jiang Superior Soup (Anchorvale Village),"soup, herbal, chinese",
Lao Jiang Superior Soup (Oasis Terraces),"soup, herbal, chinese",
LAU WANG CLAYPOT,"claypot, rice, chinese, local",
Lau Wang Claypot Delights,"claypot, rice, chinese, local",
Lau Wang Claypot Delights @ Punggol Oasis Terraces,"claypot, rice, chinese, local",
Le Noir,"bar, french, western",
Lee Mart (Wonderful Bapsang),"korean, mart, grocery",
Lee Wee & Brothers,"bak kwa, snacks, local",
Lee Wee & Brothers' Foodstuff,"bak kwa, snacks, local",
Legendary Hong Kong,"hong kong, dim sum, chinese",
LeMa Dumpling,"dumplings, chinese, handmade",
Lemonaide,"lemonade, drinks, healthy",
LeNu,"noodles, chinese, hunan",
LeNu Chef Wai's Noodle Bar,"noodles, chinese, hunan",
Let's Eat! (The Seletar Mall),"local, hawker",
Lian Mei Xiang Cha Shi 莲美香茶室,"kopitiam, local, traditional",
Lily.s,"cafe, western",
Lim Kee Yong Tau Foo,"yong tau foo, local",
"Little Farms Table, Tanglin Mall (Restaurant)","organic, western, cafe, healthy",
Little Italy,"italian, pizza, pasta",
Little Pond,"seafood, local",
Little Pond 小鱼塘,"seafood, local",
Little Saigon,"vietnamese, pho, banh mi",
Lizoo,"drinks, snacks",
llaollao,"frozen yogurt, dessert, healthy",
LONGJING,"chinese, tea, longjing",
Luci's Kitchen (@LuckyPlaza),"filipino, asian",
LUCIA The Brownie Bar,"brownie, dessert, bakery",
Lucky Chicken Rice,"chicken rice, local, hainanese",
Lucky Food Centre,"food court, hawker",
M&S FOOD,"british, grocery, snacks",Yes
Ma Maison,"japanese, western, omurice",
MACCHA HOUSE,"matcha, japanese, dessert, cafe",
MADAM ANG KK,"kueh, local, traditional",
Madam Ang KK (Paragon),"kueh, local, traditional",
Maddie's Kitchen,"western, cafe",
Mai Ge Wen,"taiwanese, street food",
MAISON BOULUD BY DANIEL BOULUD,"french, fine dining, western",
MAKAN MAKAN,"local, hawker",
Makan Singapura (formerly Lepak One Corner @ Sengkang),"local, hawker",
Makan Street 福满街,"local, hawker, food court",
Maki-San,"sushi, japanese, customizable",
Maki-San (Punggol Oasis),"sushi, japanese, customizable",
Malts,"bar, whisky, drinks",
Mamitas' Kitchen Singapore,"mexican, western, tacos",
Man Na La,"mala, chinese, spicy",
Manise Indo Cuisine - Lucky Plaza,"indonesian, halal",
Marché,"swiss, western, market style, european",
MARU MOCHI,"japanese, mochi, dessert",
Marutama Ra-men,"ramen, japanese, noodles, chicken",
Master Choy 財師傅港式燒腊,"roast meat, hk roast, cantonese",
Mastercard,,Yes
Matchaya,"matcha, japanese, dessert, cafe",
Meet 2 Wine Bar & Restaurant,"wine, bar, western",
Mei Wei Ban Mian. Mee Hoon Kueh,"ban mian, mee hoon kueh, noodles, local",
Mei Xiang Porridge 美香粥品,"porridge, congee, chinese",
MEIDI-YA (Food Hall),"japanese, supermarket, grocery",
Meimei Carrot Cake,"carrot cake, local, hawker",
Melvados,"bbq, grill, western, ribs",
MENSHO TOKYO SG,"ramen, japanese, noodles",
Menya Aoi,"ramen, japanese, noodles",
Menya Kokoro,"ramen, mazesoba, japanese, noodles",
Menya Saku by Oh Some Bowls,"ramen, japanese, noodles",
Meow Barbecue,"bbq, korean, grill",
Meow BBQ,"bbq, korean, grill",
Miam Miam,"japanese, french, cafe, fusion",
Mian Zhong Mian,"noodles, chinese",
Milan Shokudo,"italian, japanese, fusion",
Mimi Restaurant,"chinese, zi char",
Minang House,"indonesian, padang, halal",
Mingle,"cafe, western",
Mini One,"rice bowl, local",
Ministry of Rojak,"rojak, local, hawker",
Miss Tang's Rice Noodle 唐大小姐小锅米线,"rice noodles, yunnan, chinese",
Miss Tea,"bubble tea, drinks, tea",
Mister Wheel,"wheel cake, taiwanese, snacks",
Mitsuba Japanese Restaurant,"japanese, sushi, sashimi",
Mixue,"bubble tea, ice cream, drinks, chinese",
MK LEVURE NATURELLE,"bakery, french, bread",
MM 满巍明生炸鸡架,"fried chicken rack, chinese, street food",
Mmmm!,"local, hawker",
Monarchs & Milkweed,"cafe, coffee",
Monster Planet,"candy, snacks, drinks",
MOON JUICE KOMBUCHA,"kombucha, drinks, healthy",
Moon Moon Food,"local, hawker",
Morganfield's,"ribs, american, western, bbq",
Mr Chicken Rice,"chicken rice, local, hainanese",
Mr Sehu Food Palace,"halal, local",
Mr You Tiao,"you tiao, dough fritters, local, breakfast",
MR YOUTIAO,"you tiao, dough fritters, local, breakfast",
MRS BANANA,"banana, dessert, snacks",
MS Econ Bee Hoon,"bee hoon, economic rice, local",
Muffin Homme,"muffin, bakery, dessert",
MUN ZUK,"porridge, congee, chinese",
Mun Zuk Novena 满粥 (Novena),"porridge, congee, chinese",
My Briyani House,"biryani, indian, halal",
My Kampung,"malay, halal, local",
My Kampung (The Seletar Mall),"malay, halal, local",
My Spice Affair,"indian, halal",
myEureka,"popcorn, snacks",
Nainai Flavor,"chinese, local",
Naixue,"bubble tea, drinks, chinese",
Nakhon Kitchen,"thai, authentic",
Nam Kee,"pau, buns, local",
Nam Kee JB Handmade Pau,"pau, buns, local, johor",
Nam Kee Pau,"pau, buns, local",
Nam Kee Pau & Hong Kong Egglet,"pau, egglet, local, snacks",
NamNam,"vietnamese, pho, banh mi",
NAMNAM (OPENING IN FEBRUARY),"vietnamese, pho, banh mi",
Nan Yang Dao,"local, kopitiam",
NAN YANG DAO 南洋岛,"local, kopitiam",
NAN YANG DAO 南洋岛@SENGKANG Anchorvale,"local, kopitiam",
Nana's Green Tea,"matcha, japanese, dessert, green tea",
Nandhana's Restaurant,"indian, south indian, halal",
Nando's,"portuguese, chicken, peri peri, western",
Nanjing Impressions,"nanjing, chinese, traditional",
NANTSUTTEI,"ramen, japanese, noodles",
Nanyang Dao,"local, kopitiam",
Nanyang Lor Mee,"lor mee, noodles, local",
Nasty Cookie,"cookies, dessert, bakery",
Nature Nutrition,"health food, supplements",
NATURE'S NUTRITION,"health food, supplements",Yes
Nelly's Retro Snacks,"snacks, retro, nostalgic",
Nespresso,"coffee, capsule",Yes
Nesuto,"japanese, dessert, cake, patisserie",
New Hong Kong Roast,"roast meat, hk roast, cantonese",
NEW NANYANG,"local, kopitiam",
New Noodle Hub,"noodles, local",
NIKU IKU,"japanese, beef, yakiniku",
NIKUTOSAKE,"japanese, beef, sake, grill",
No.17 Tea,"bubble tea, drinks, tea",
Nomad Ventures,"bar, adventure, cafe",
Nomstar,"local, hawker",
NomVnom Bistro,"vegetarian, vegan, western, healthy",
Nong Geng Ji,"chinese, local",
Noodle House 面之家,"noodles, chinese",
Nozomi,"japanese, sushi",
Nurul Hidayah @ 888 Plaza,"halal, malay, local",
NY Char Grill,"western, grill, steak",
O.BBa Jjajang Express @ One Punggol,"korean, jjajangmyeon, noodles",
OATBERRY,"healthy, oats, breakfast, cafe",
Octapas by El Mesa,"spanish, tapas, western",
OKINAWAN DINER NIRAI-KANAI,"japanese, okinawan",
Ola Beach Club,"beach, western, bar, cafe",
Old Chang Kee,"curry puff, snacks, local, fried",
Old Chang Kee (The Seletar Mall),"curry puff, snacks, local, fried",
Old Tea Hut,"teh, tea, local, traditional",
Old Tea Hut (Changi City Point),"teh, tea, local, traditional",
Olé Bar & Kitchen,"spanish, bar, tapas",
Olivia & Co.,"western, cafe, brunch",
OMEGA Pork Noodle,"pork noodles, bak chor mee, local",
OMOOMO,"japanese, sushi, conveyor belt",
Omoté,"japanese, modern",
ONCE UPON A THYME,"western, herbs, healthy",
One Soy 一豆,"soy, healthy, tau huay",
One Two Roasted Delights,"roast meat, char siu, chinese",
Onggii,"korean, onggi, korean food",
Opah Corner,"malay, halal, local",
ORIENTAL KOPI,"kopi, coffee, local, kopitiam",
Origanics 启点素食 (Buangkok 万国熟食中心),"vegetarian, healthy, organic",
Osaka Ohsho,"japanese, gyoza, dumpling",
OSG Bar + Kitchen,"bar, western",
Paad Paad Tha!,"thai, street food",
PAIK's NOODLE,"korean, noodles, jjajangmyeon",
Panda Chan,"chinese, snacks",
Panda Chan Snack,"chinese, snacks",
Pang,"local, kopitiam",
Pang Pang Kopi,"kopi, coffee, local",
Pang Pang Kopi (Buangkok Square),"kopi, coffee, local",
Papa Ayam,"fried chicken, indonesian, ayam, halal",
PaperBakes,"bakery, pastry, bread",
PappaRich,"malaysian, local, kopitiam, kaya toast",
PAUL,"french, bakery, cafe, pastry, bread",
PAUL Tanglin,"french, bakery, cafe, pastry, bread",
Paulaner Bräuhaus Singapore,"german, beer, brewery, western",
Peach Garden,"chinese, cantonese, dim sum",
PEMENCO,local,
Penang Culture,"penang, malaysian, laksa, char kway teow",
Penang Place,"penang, malaysian, hawker",
Penang Savour,"penang, malaysian, laksa",
Penyet Betawi,"indonesian, ayam penyet, halal",
PEPPER GRILL,"western, grill, steak",
Pepper Kitchen - Toa Payoh,"western, local",
Pepper Lunch,"japanese, teppan, rice, steak",
Pezzo,"pizza, fast food, italian",
Phuture,"bar, club",Yes
PICNIC @ GREENWICH V,"cafe, western, brunch",
Pinoy Ave Sg Lucky Plaza,"filipino, asian",
PINWEI MALA 品味麻辣,"mala, spicy, chinese, hotpot",
Pita Tree Kebabs,"kebab, middle eastern, halal, pita",
Poke Theory,"poke, hawaiian, healthy, seafood",
Pontian Mee,"wanton noodles, noodles, local",
Pontian Wanton Noodle,"wanton noodles, noodles, local",
Pontian Wanton Noodles,"wanton noodles, noodles, local",
Pontian Wanton Noodles (Rivervale Mall),"wanton noodles, noodles, local",
Pontian Wanton Noodles (The Seletar Mall),"wanton noodles, noodles, local",
Pot Addiction 吃锅瘾,"hotpot, steamboat, chinese",
Pot Master @ One Punggol 煲师傅 老广煲仔饭,"claypot rice, cantonese, chinese",
Potato Corner,"fries, snacks, fast food",
Poulet,"french, roast chicken, western, halal",
Poulét,"french, roast chicken, western, halal",
Poulet Bijou,"french, roast chicken, western",
Pratunam Plus,"thai, chicken rice",
Prego,"italian, pasta, pizza, fine dining",
Preserved Veg Hor Fun 菜莆河,"hor fun, noodles, local",
PrimaDéli,"bakery, cake, pastry, local",
Project Açaí,"acai, healthy, smoothie bowl, fruit",
Pu Tian Delights,"putian, fujian, chinese",
Punggol East Container Park,"food park, hawker",
Punjabi Dhaba,"indian, punjabi, halal, north indian",
Qi Ji,"local, noodles, rice, hawker",
QIN JI ROUGAMO,"chinese, roujiamo, xian, burger",
Qiong Yuan Chicken Rice,"chicken rice, local, hainanese",
Queic by Olivia,"cafe, western",
R&B 巡茶,"bubble tea, drinks, taiwanese",
Rasapura Masters,"food court, local, hawker",
Re.juve,"juice, healthy, cold pressed",
RED DOT SUPERVALUE,"supermarket, grocery",Yes
Red Ginger,"vietnamese, thai, asian",
RedTail Bar By Zouk,"bar, club",Yes
Rempah by Chilli Padi,"peranakan, nyonya, local",
Rendezvous Restaurant Hock Lock Kee,"nasi lemak, local, traditional",
Retroholics by Tin Box,"nostalgic, local, retro",
RICE MEAT UP Splashy Sizzling Wagyu Patties,"wagyu, beef, rice bowl, japanese",
Rico Rico,"latin, western",
Rise Restaurant,"western, hotel, fine dining",
RITZ APPLE STRUDEL,"apple strudel, dessert, german, pastry",
Riverside Canton Claypot Cuisine 江边广东砂锅菜,"claypot, cantonese, chinese",
ROCKING RICKSHAW,"indian, street food",
Rocky Master,"popcorn chicken, taiwanese, snacks, fried",
ROLLGAADI,"indian, street food, rolls",
Rolling Rice,"rice bowl, local",
Rolling Rice Marina Square #02-105,"rice bowl, local",
Rolls N Bowls @ SIT,"healthy, bowls, wraps",
Rong Kee HK Roasted Delight,"roast meat, hk roast, char siu, chinese",
Rong Kee Roasted Delights 榮記烧腊 - Lucky Plaza,"roast meat, hk roast, char siu, chinese",
Rong Wantan Noodle,"wanton noodles, noodles, local",
Royal Host,"japanese, western, family restaurant",
ROYCE,"chocolate, japanese, dessert",
ROYCE',"chocolate, japanese, dessert",
rrooll,"sushi roll, japanese",
Rumah Makan Minang - Our Tampines Hub,"indonesian, padang, halal, nasi padang",
Rumah Sayang,"malay, halal, local",
rumeL,"cafe, local",
RUXU入续,"chinese, modern",
RYAN'S GROCERY,"organic, grocery",Yes
RYAN'S KITCHEN,"western, cafe, brunch",
Ryokudo,"japanese, matcha, tea",
Saboten,"japanese, tonkatsu, pork cutlet",
Saigon Legend,"vietnamese, pho",
Saigon Rolls,"vietnamese, spring rolls, banh mi",
Sakura Family Restaurant,"japanese, family, buffet",
Sally's,"western, brunch, cafe",
Salmon Warrior,"salmon, don, japanese, sashimi",
Salmon Warrior Express - Changi City Point,"salmon, don, japanese, sashimi",
Sampanman Kelong Changi,"seafood, local, kelong",
SAN REN XING,"chinese, local",
SAN REN XING 三人行,"chinese, local",
San.wich by Swee Heng,"sandwich, bakery, cafe",
Sandaime Hiraki,"japanese, omakase, fine dining",
Santapan Nadira,"halal, malay",
Sapporo Misono,"japanese, teppanyaki",
Saute-san,"japanese, fusion",
Saybons French Food Factory,"french, western, cafe",
Scotts Grill,"western, grill, steak",
Seabay Delight,"seafood, local",
Secret Recipe,"malaysian, cafe, cake, western",
Segar Restaurant,"malay, halal, local",
Selesa Sedap Chicken Rice,"chicken rice, halal",
sen-ryo,"japanese, sushi, conveyor belt",
Señor Taco,"mexican, tacos, burritos",
SF Fruits,"fruit, juice, healthy",
SF Fruits & Juices,"fruit, juice, healthy",
SF Juice,"fruit, juice, healthy",
Shan Cheng,"ipoh, malaysian, local",
Shan Cheng (Ipoh Delicacies),"ipoh, malaysian, local, white coffee",
SHE SELLS SEASHELLS,seafood,
Shi Fu Eating House,"zi char, chinese, local",
Shi Li Fang,"hotpot, steamboat, taiwanese",
Shift by Common Folks Bar,"bar, coffee, cafe",
Shihlin Taiwan Street Food,"taiwanese, fried chicken, oyster mee sua, street food",
Shihlin Taiwan Street Food (Canberra Plaza),"taiwanese, fried chicken, oyster mee sua, street food",
Shihlin Taiwan Street Food (The Seletar Mall),"taiwanese, fried chicken, oyster mee sua, street food",
Shihlin Taiwan Street Snacks,"taiwanese, fried chicken, oyster mee sua, street food",
Shinfuni 幸芙妮,"japanese, souffle pancake, dessert",
Shōkō,"japanese, izakaya",
Shun Li Lai Roasted Delights @ Punggol Central,"roast meat, char siu, chinese",
Shun Li Mixed Vegetable Rice & Porridge,"mixed rice, porridge, chinese",
Siang Garden Fajar,"zi char, chinese, local",
Simply Retro by Tin Box (Coming Soon),"nostalgic, local, retro",
Simply Retro by Tin Box @ CQ,"nostalgic, local, retro",
Simply Wrapps,"wraps, healthy, salad, western",
Singapore WaterDrop Tea House,"tea, chinese, tea house",
Singapura Heritage,"local, heritage, traditional",
Singapura Heritage (The Seletar Mall),"local, heritage, traditional",
Sinpopo Brand,"peranakan, nyonya, cafe, local",
Six Hands,"cafe, coffee, third wave",
Sizzle Whizzle,"western, grill",
SIZZLING N'GRILL,"western, grill, steak",
SKAI,"fine dining, rooftop, western, bar",
SKAI Bar,"bar, rooftop, drinks",
Small Tables,"cafe, western",
Smile Martabak,"martabak, indonesian, snacks, sweet",
smol,"cafe, coffee",
SnacKing Retro Biscuits,"biscuits, snacks, retro, local",
Snackz It!,"snacks, fried, local",
Snackz It! 可口味,"snacks, fried, local",
So Fun3,"hotpot, steamboat",
Social Winery,"wine, bar",
Soon Heng Rojak,"rojak, local, hawker",
Soon Soon Carrot Cake,"carrot cake, local, hawker",
SOTBOX,"korean, sotong, fried",
SOTPOT,"korean, hotpot",
Soup Cup,"soup, healthy",
Soup Restaurant,"chinese, herbal, double boiled soup, traditional",
Souper Baby by Soul Souper,"soup, baby food, healthy",
Souperb 蒸好吃,"steam, chinese, healthy",
Spago Bar & Lounge,"bar, western, fine dining",
SPICY NOODLE 銷魂麵舖,"noodles, spicy, taiwanese",
SSADA GIMBAB 싸다김밥,"korean, gimbap, kimbap",
STUFF'D,"mexican, burritos, wraps, halal",
Sufood,"vegetarian, chinese, healthy",
SugarBelly,"dessert, sweet",
SUKI-YA,"japanese, shabu shabu, hotpot, buffet",
Sunshine Place,"cafe, local",
SUPER FRIED RICE,"fried rice, chinese, wok",
Super Wok,"chinese, wok, zi char",
Supergreen,"salad, healthy, western",
Supergreen (Changi City Point),"salad, healthy, western",
Susan Chan Food,"local, hawker",
Swee Choon Anchorvale Village,"dim sum, chinese, supper, late night",
Swee Heng 1989 Classic,"bakery, bread, local",
Swensen's,"ice cream, western, dessert, american",
SYNTHESIS,"bar, cocktails",
TAI ER,"sichuan, chinese, pickled fish, suan cai yu",
Taiwan Fullhouse,"taiwanese, local",
TAMAGO-EN,"japanese, egg, omurice",
TAMBUAH MAS INDONESIAN RESTAURANT,"indonesian, halal, nasi padang",
TamJai SamGor Mixian,"mixian, yunnan, noodles, chinese",
Tang Tea House,"tea, chinese",
TANGLED,"pasta, italian, western",
Tanglin Cookhouse (Tanglin Mall),"western, cafe",
TANJONG RHU PAU,"pau, buns, local, steamed",
TANUKI RAW,"japanese, sushi, modern",
TANYU,"grilled fish, chinese, spicy, sichuan",
Taste Good 好味小厨,"local, hawker",
Taste of Indonesia,"indonesian, halal",
TCA Prologue,"french, fine dining",
TCC – THE CONNOISSEUR CONCERTO,"cafe, coffee, western",
TCE The Caffeine Experience,"cafe, coffee",
Tea Pulse,"bubble tea, drinks, tea",
Ten Points Porridge,"porridge, congee, local, supper",
Tenderbest 888,"fried chicken, chicken, local",
Tenderfresh,"fried chicken, chicken, western, local",
Tenderfresh Xpress,"fried chicken, chicken, western, local",
Tendon Kohaku,"tendon, tempura, japanese, don",
Tenjin,"japanese, ramen",
TENSHIMA,"japanese, sushi",
TENYA,"japanese, tendon, tempura",
Teppan-Yaki,"teppanyaki, japanese, grill",
Texas Lone Star,"american, bar, western, tex-mex",
THACHANG SG,"thai, boat noodles",
THAT SKEWER BAR,"skewers, bbq, bar",
The 1872 Clipper Tea Co.,"tea, british, high tea",
The Basil Inn,"thai, italian, fusion",
THE BERRY SPOT,"berries, dessert, healthy",
The Canteen by Tin Box,"local, nostalgic, hawker",
THE CLUB,"bar, club",Yes
The Coach Restaurant,"western, british",
The Cookie Museum at The Gallery,"cookies, dessert, bakery",
The Dark Gallery,"chocolate, cake, dessert, cafe",
The Eight,"chinese, cantonese",
THE FLEX,"fitness, gym",Yes
The Grumpy Bear,"cafe, coffee, brunch",
The Hainan Story,"hainanese, local, kopitiam, traditional",
The Home Restaurant 回味之家,"chinese, home style",
The Horse's Mouth,"bar, cocktails, speakeasy",
The ION Edit,retail,Yes
The JellyHearts,"jelly, dessert",
The Liquor Shop (Opening Soon),"alcohol, wine, bar",Yes
THE OAKS CELLARS,"wine, alcohol",Yes
The Original Vadai,"vadai, indian, snacks",
The Original Vadai @ Sengkang Anchorvale Village,"vadai, indian, snacks",
The Penyet Co,"indonesian, ayam penyet, halal",
The Punggol Settlement,"food park, local, seafood",
The Queen's Pub,"bar, pub, drinks",
"The Riverhouse (Mimi, YANG Club, Zorba)","bar, club, restaurant",
The Sandwich Guys - One Raffles Place,"sandwich, western, healthy",
The SGFR Store,"retail, local",Yes
The Ship Restaurant & Bar,"western, steak, seafood",
The Soup Expert,"soup, healthy",
The Soup Spoon Union,"soup, healthy, western",
The Stamford Brasserie,"western, hotel, fine dining",
The Summer Açaí - Sengkang,"acai, healthy, smoothie bowl",
The Upper House,"bar, rooftop",
The Vermilion House,"chinese, traditional",
The Whale Tea,"bubble tea, drinks, taiwanese",
THE WHISKY DISTILLERY,"whisky, bar, alcohol",
The White Tiffin (Toa Payoh HDB Hub),"indian, tiffin, halal",
Thunder Tea (China Square) Pte Ltd,"thunder tea rice, hakka, vegetarian",
Thunder Tea Rice,"thunder tea rice, hakka, vegetarian, healthy",
Tian Tian Claypot,"claypot rice, chinese, local",
TIARA WATERFRONT,"seafood, waterfront",
TIM HORTONS,"coffee, donut, canadian, cafe",
Tiong Bahru Jian Bo Shui Kueh,"shui kueh, local, hawker, traditional",
Tiong Bahru Yong Tao Hu,"yong tau foo, local, hakka",
Tip Top,"curry, western, local",
TIPO STRADA,"italian, pizza, pasta",
Toa Payoh Vista Market,"hawker, food court, market",
Toa Payoh West Market & Food Centre,"hawker, food court, market",
Toast & Roll,"toast, breakfast, local",
Tokyo Milk Cheese Factory & Cow Cow Kitchen,"japanese, cheese, milk, dessert",
Tokyo Shokudo,"japanese, casual dining",
Tokyo Shokudo / Milan Shokudo,"japanese, italian, fusion",
Tokyo Shokudo Bistro,"japanese, casual dining",
Tombo Warek,"local, hawker",
Tomo Tokyo,"japanese, izakaya",
Tongue Tip Lanzhou Beef Noodles,"lanzhou, beef noodles, chinese, hand pulled",
TONITO,"latin, western",
Tonkotsu Kazan,"ramen, japanese, volcano ramen, tonkotsu",
TORA- SAN,japanese,
TORI SANWA,"japanese, chicken, yakitori, nagoya",
TORI SANWA 鶏三和,"japanese, chicken, yakitori, nagoya",
Tori Story,"fried chicken, chicken",
Tori-Q,"japanese, yakitori, chicken",
Tourists,"bar, cafe",
Towkay Fried Chicken,"fried chicken, chicken, local",
Towkay Kia,"local, hawker",
Treasures Yi Dian Xin,"dim sum, chinese, cantonese",
Tree Storey,"cafe, western",
Trehaus Café,"cafe, family, kids",
True Cost,"sustainable, western, cafe",
Tsui Wah,"hong kong, cha chaan teng, noodles",
Tsui Wah Restaurant,"hong kong, cha chaan teng, noodles",
TSUJIRI PREMIUM,"matcha, japanese, dessert, green tea",
Tsukada Nojo,"japanese, chicken, collagen soup",
Tsukuda Nojo,"japanese, chicken, collagen soup",
Tsuzumi Dango つづみ団子,"dango, japanese, dessert, snacks",
TTEOK Sang,"korean, tteokbokki, rice cake",
Tuckshop,"western, casual",
Tuk Tuk Cha,"thai milk tea, drinks, thai, bubble tea",
Tuk Tuk Cha Treasures,"thai milk tea, drinks, thai, bubble tea",
Turkish Lezzet House,"turkish, kebab, halal, middle eastern",
Tutto by Da Paolo,"italian, pasta, pizza, deli",
TWG Tea,"tea, high tea, cafe, luxury",
TWG Tea Salon & Boutique,"tea, high tea, cafe, luxury",
Twyst,"juice, healthy",
Umeya,"japanese, sushi",
UNAGA,"japanese, unagi, eel",
Uncle Penyet One Punggol,"indonesian, ayam penyet, halal",
Valu$,"discount store, retail",Yes
Venchi,"chocolate, gelato, italian, dessert",
Verandah @ Rael's,"western, bar",
Victor's Kitchen,"chinese, cantonese, dim sum",
Vivino,"wine, app",Yes
Vox,"bar, drinks",
Wan Chai Hong Kong Tea Room,"hong kong, cha chaan teng, tea",
Wan Shun Foodcourt,"food court, hawker",
Wanpo Tea Shop,"tea, chinese",
WAREHOUSE,"bar, club",Yes
WATAMI Japanese Casual Restaurant,"japanese, izakaya, casual dining",
Watami Japanese Dining,"japanese, izakaya, casual dining",
Wee Nam Kee Chicken Rice,"chicken rice, local, hainanese",
WEWA,"taiwanese, drinks",
What's On,"events, local",Yes
White Restaurant,"white bee hoon, local, seafood",
WINDOWSILL PIES,"pies, bakery, dessert, western",
Wine Connection,"wine, bar, bistro, western",
WINE CONNECTION BISTRO,"wine, bar, bistro, western",
Wine Connection Bistro (Tanglin Mall),"wine, bar, bistro, western",
Wine Universe Restaurant & Wine Bar,"wine, bar, western",
Wing Joo Loong,"chinese medicine, herbal, traditional",Yes
WO WO DIAN 窝窝店 百年包子,"baozi, buns, chinese, steamed",
Wok,"chinese, wok, stir fry",
Wok Hey,"wok hei, chinese, fried rice, noodles",
"WOK HEY Republic Plaza, Raffles Place","wok hei, chinese, fried rice, noodles",
Wok of Wonders,"chinese, wok",
Wonder Juice,"juice, healthy, fruit",
Wonderful Bap Sang,"korean, korean food",
World of Candies,"candy, sweets, snacks",Yes
Wu Fang Zhai,"zongzi, rice dumpling, chinese",
Wu Ji Si Chao,"chinese, zi char",
Xi De Li,"local, hawker",
Xi Men Jie,"taiwanese, street food",
Xi Men Jie 西门街 (Oasis Terraces) Wholesome Taiwanese Meals,"taiwanese, street food, healthy",
Xi Yan Niang Dou Fu,"yong tau foo, tofu, chinese",
Xi'an Famous Food 西安名吃,"xian, chinese, noodles, hand pulled, lamb",
Xiang Ji Roasted Delights,"roast meat, char siu, chinese",
Xin Fu Ji Local Delights,"local, hawker",
XITA LAO TAITAI,"chinese, traditional, home style",
XO Minced Meat Noodle,"bak chor mee, minced meat noodles, local",
Yang's Epok Epok - People's Park Centre,"curry puff, epok epok, snacks",
Yantra,"indian, fine dining, modern indian",
Yassin Kampung @ Admiralty,"malay, halal, nasi lemak",
YAYOI,"japanese, teishoku, set meal",
YAYOI Japanese Teishoku Restaurant,"japanese, teishoku, set meal",
Yes Lemon,"lemon, drinks, healthy",
Yew Kee Specialities,"roast meat, duck rice, local",
Yew Kee Specialities (The Seletar Mall),"roast meat, duck rice, local",
YGF MALATANG,"malatang, chinese, spicy, soup",
Yi Duo Li Handmade Noodles,"noodles, handmade, chinese",
Yi Fang Fruit Tea,"fruit tea, bubble tea, taiwanese, drinks",
Yi Fang Taiwan Fruit Tea,"fruit tea, bubble tea, taiwanese, drinks",
Yi Jia Food House,"local, hawker",
Yi Qian Wanton Noodle House,"wanton noodles, noodles, local",
Yi Zun Noodle,"noodles, taiwanese, beef noodles",
Yi Zun Noodle @ Marina Square,"noodles, taiwanese, beef noodles",
Yogurt Planet,"frozen yogurt, dessert, healthy",
Yong Fu,"chinese, local",
Yoon Yeon Dang,"korean, traditional",
Yu Ding,"chinese, local",
Yum-Mee Minced meat noodle,"bak chor mee, minced meat noodles, local",
Yun Nans,"yunnan, chinese, rice noodles, mixian",
Yun Place滇境,"yunnan, chinese",
Zagu Food Drinks,"drinks, snacks, filipino",
Zareen's Kitchen,"indian, halal",
Zhang Liang Mala Tang,"malatang, chinese, spicy, soup",
ZhangLiang MaLatang,"malatang, chinese, spicy, soup",
Zheng Hua Yong Tau Fu,"yong tau foo, local",
Zheng Nan Qi Bai,"chicken rice, hainanese, local",
Zheng Neng Zhu La Mian,"la mian, hand pulled noodles, chinese",
Zhou's Claypot Rice Noodles,"claypot, rice noodles, chinese",
Zing,"drinks, local",
ZOK NOODLE HOUSE,"noodles, boat noodles, thai",
Zorba the Greek Taverna,"greek, mediterranean, western",
Zouk,"club, bar, nightlife",Yes
